{
    "$schema": "http://json-schema.org/draft-04/schema#",
    "title": "NLP SKILL ROUTER REST API",
    "type": "object",
    "properties": {
        "bot_type_code": {
            "type": "string",
            "enum": ["1", "2", "3", "4", "5"]
        },
        "request_json": {
            "$ref": "#/definitions/request"
        }
    },
    "additionalProperties": false,
    "required": ["bot_type_code", "request_json"],
    "definitions": {
        "request": {
            "type": "object",
            "properties": {
                "session_id": {
                    "type": "string"
                },
                "user_response": {
                    "type": "array",
                    "items": {
                      "type": "string"
                    },
                    "minItems": 1
                },
                "user_id": {
                    "type": "string"
                },
                "license_key": {
                    "type": "string"
                },
                "verify_order": {
                    "type": "array",
                    "items": {
                      "type": "string",
                      "enum": ["name", "phone_number", "address"]
                    },
                    "minItems": 1
                },
                "user_data": {
                    "type": "array",
                    "items": {
                        "$ref": "#/definitions/input_data"
                    },
                    "minItems": 1
                },
                "additional_info": {
                    "type": "object",
                    "properties": {
                        "CorrectType": {
                          "type": "string",
                          "enum": ["0", "1", "2", "3", "4"]
                        },
                        "MainAddress": {
                            "type": "string"
                        },
                        "AuxAddress": {
                            "type": "string"
                        },
                        "SepAddr": {
                            "type": "object",
                            "properties": {
                                "SigunguMain": {
                                    "type": "string"
                                },
                                "SigunguSub": {
                                    "type": "string"
                                },
                                "PoiName": {
                                    "type": "string"
                                },
                                "Li": {
                                    "type": "string"
                                },
                                "Dong": {
                                    "type": "string"
                                },
                                "BldgNo": {
                                    "type": "string"
                                },
                                "Sido": {
                                    "type": "string"
                                },
                                "RoadName": {
                                    "type": "string"
                                },
                                "Jibun": {
                                    "type": "string"
                                }
                            },
                            "additionalProperties": false
                        },
                        "Zipcode": {
                            "type": "string"
                        }
                    },
                    "additionalProperties": false
                }
            },
            "additionalProperties": false,
            "required": ["session_id", "user_response"]
        },
        "input_data": {
            "type": "object",
            "properties": {
                "id": {
                    "type": "integer",
                    "minimum": 0,
                    "maximum": 3
                },
                "data": {
                    "type": "string"
                }
            },
            "additionalProperties": false,
            "required": ["id", "data"]
        }
    }
}
