{
  "$schema": "http://json-schema.org/draft-04/schema#",
  "title": "intent",
  "type": "object",
  "properties": {
    "intent": {
      "type": "string"
    },
    "slots": {
      "type": "array",
      "items": {
        "type": "object",
        "properties": {
          "name": {
            "type": "string",
            "pattern": "^[a-zA-Z\\d\\s가-힣\\-_]+$"
          },
          "entity": {
            "type": "string",
            "pattern": "^[a-zA-Z\\d\\s가-힣\\-_]+$"
          },
          "default": {
            "type": "string"
          },
          "is_list": {
            "type": "boolean"
          },
          "context": {
            "type": "boolean"
          },
          "prompts": {
            "type": "string"
          }
        },
        "oneOf": [
          {
            "required": [
              "name",
              "is_list",
              "prompts"
            ]
          },
          {
            "required": [
              "name",
              "is_list",
              "default"
            ]
          }
        ],
        "additionalProperties": false
      }
    },
    "utterances": {
      "type": "array",
      "items": {
        "anyOf": [
          {
            "type": "object",
            "properties": {
              "text": {
                "type": "string"
              },
              "slot_tags": {
                "type": "array",
                "items": {
                  "type": "object",
                  "properties": {
                    "start": {
                      "type": "integer"
                    },
                    "end": {
                      "type": "integer"
                    },
                    "value": {
                      "type": "string"
                    },
                    "slot": {
                      "type": "string",
                      "pattern": "^[a-zA-Z\\d\\s가-힣\\-_]+$"
                    }
                  },
                  "required": [
                    "start",
                    "end",
                    "value",
                    "slot"
                  ],
                  "additionalProperties": false
                }
              }
            },
            "required": [
              "text"
            ],
            "additionalProperties": false
          },
          {
            "type": "string"
          }
        ]
      }
    },
    "regex": {
      "type": "array",
      "items": {
        "anyOf": [
          {
            "type": "object",
            "properties": {
              "text": {
                "type": "string"
              },
              "slot_tags": {
                "type": "array",
                "items": {
                  "type": "string"
                }
              }
            },
            "required": [
              "text"
            ],
            "additionalProperties": false
          },
          {
            "type": "string"
          }
        ]
      }
    }
  },
  "required": [
    "intent"
  ],
  "additionalProperties": false
}