{
  "$schema": "http://json-schema.org/draft-04/schema#",
  "title": "meta",
  "definitions": {
    "str_pattern": {
      "anyOf": [
         {
           "type": "string"
         },
         {
           "type": "number"
         },
         {
           "type": "boolean"
         }
      ]
    },
    "date_pattern": {
      "type": "string",
      "pattern": "^\\d{4}\\.(0?[1-9]|1[012])\\.(0?[1-9]|[12][0-9]|3[01])$"
    }
  },
  "type": "object",
  "properties": {
    "name": {
      "$ref": "#/definitions/str_pattern"
    },
    "version": {
      "$ref": "#/definitions/str_pattern"
    },
    "release_date": {
      "$ref": "#/definitions/date_pattern"
    },
    "comment": {
      "$ref": "#/definitions/str_pattern"
    },
    "company": {
      "type": "object",
      "properties": {
        "name": {
          "$ref": "#/definitions/str_pattern"
        },
        "email": {
          "$ref": "#/definitions/str_pattern"
        },
        "address": {
          "$ref": "#/definitions/str_pattern"
        },
        "phone": {
          "$ref": "#/definitions/str_pattern"
        }
      },
      "required": [
        "name",
        "email"
      ]
    }
  },
  "required": [
    "name",
    "version",
    "release_date",
    "company"
  ],
  "additionalProperties": false
}
