{
  "$schema": "http://json-schema.org/draft-04/schema#",
  "title": "chatbot",
  "definitions": {
    "node_pattern": {
      "type": "string",
      "pattern": "(?!^root$)(?:^[a-zA-Z\\d\\s가-힣\\-_\\.]+$$)"
    },
    "str_pattern": {
      "anyOf": [
        {
          "type": "string"
        },
        {
          "type": "number"
        },
        {
          "type": "boolean"
        }
      ]
    },
    "str_array_pattern": {
      "type": "array",
      "items": {
        "$ref": "#/definitions/str_pattern"
      }
    },
    "str_dict_pattern": {
      "type": "object",
      "additionalProperties": true
    },
    "str_group_pattern": {
      "anyOf": [
        {
          "$ref": "#/definitions/str_pattern"
        },
        {
          "type": "array",
          "items": {
            "anyOf": [
              {
                "$ref": "#/definitions/str_pattern"
              },
              {
                "$ref": "#/definitions/str_array_pattern"
              }
            ]
          }
        }
      ]
    },
    "edge_pattern": {
      "anyOf": [
        {
          "$ref": "#/definitions/node_pattern"
        },
        {
          "type": "array",
          "items": {
            "anyOf": [
              {
                "$ref": "#/definitions/node_pattern"
              },
              {
                "type": "object",
                "properties": {
                },
                "patternProperties": {
                  "(?!^root$)(?:^[a-zA-Z\\d\\s가-힣\\-_\\.]+$)": {
                    "$ref": "#/definitions/str_pattern"
                  }
                },
                "additionalProperties": false
              }
            ]
          }
        }
      ]
    },
    "function_pattern": {
      "type": "object",
      "properties": {
        "function": {
          "type": "string"
        },
        "params": {
          "anyOf": [
            {
              "$ref": "#/definitions/str_pattern"
            },
            {
              "$ref": "#/definitions/str_array_pattern"
            }
          ]
        }
      },
      "required": [
        "function"
      ],
      "additionalProperties": false
    },
    "switch_pattern": {
      "type": "object",
      "properties": {
        "switch": {
          "type": "array",
          "items": {
            "type": "object",
            "properties": {
              "cond": {
                "$ref": "#/definitions/str_pattern"
              },
              "then": {
                "$ref": "#/definitions/str_group_pattern"
              }
            },
            "required": [
              "cond",
              "then"
            ],
            "additionalProperties": false
          }
        }
      },
      "required": [
        "switch"
      ],
      "additionalProperties": false
    },
    "if_pattern": {
      "type": "object",
      "properties": {
        "if": {
          "$ref": "#/definitions/str_pattern"
        },
        "then": {
          "type": "array",
          "items": {
            "anyOf": [
              {
                "$ref": "#/definitions/cron_pattern"
              },
              {
                "$ref": "#/definitions/str_group_pattern"
              },
              {
                "$ref": "#/definitions/unschedule_pattern"
              },
              {
                "$ref": "#/definitions/delay_pattern"
              }
            ]
          }
        },
        "else": {
          "type": "array",
          "items": {
            "anyOf": [
              {
                "$ref": "#/definitions/cron_pattern"
              },
              {
                "$ref": "#/definitions/str_group_pattern"
              },
              {
                "$ref": "#/definitions/unschedule_pattern"
              },
              {
                "$ref": "#/definitions/delay_pattern"
              }
            ]
          }
        }
      },
      "required": [
        "if",
        "then"
      ],
      "additionalProperties": false
    },
    "env_pattern": {
      "type": "object",
      "properties": {
        "env": {
          "type": "string"
        },
        "values": {
          "$ref": "#/definitions/str_group_pattern"
        },
        "default": {
          "$ref": "#/definitions/str_group_pattern"
        }
      },
      "required": [
        "env",
        "values"
      ],
      "additionalProperties": false
    },
    "assign_pattern": {
      "type": "object",
      "properties": {
        "assign": {
          "type": "string"
        },
        "values": {
          "$ref": "#/definitions/str_group_pattern"
        }
      },
      "required": [
        "assign",
        "values"
      ],
      "additionalProperties": false
    },
    "unassign_pattern": {
      "type": "object",
      "properties": {
        "unassign": {
          "$ref": "#/definitions/str_array_pattern"
        }
      },
      "required": [
        "unassign"
      ],
      "additionalProperties": false
    },
    "cron_pattern": {
      "type": "object",
      "properties": {
        "cron": {
          "$ref": "#/definitions/str_pattern"
        },
        "params": {
          "$ref": "#/definitions/str_dict_pattern"
        },
        "then": {
          "$ref": "#/definitions/str_group_pattern"
        }
      },
      "required": [
        "cron",
        "params",
        "then"
      ],
      "additionalProperties": false
    },
    "delay_pattern": {
      "type": "object",
      "properties": {
        "delay": {
          "$ref": "#/definitions/str_pattern"
        },
        "params": {
          "$ref": "#/definitions/str_dict_pattern"
        },
        "then": {
          "$ref": "#/definitions/str_group_pattern"
        }
      },
      "required": [
        "delay",
        "params",
        "then"
      ],
      "additionalProperties": false
    },
    "unschedule_pattern": {
      "type": "object",
      "properties": {
        "unschedule": {
          "anyOf": [
            {
              "$ref": "#/definitions/str_pattern"
            },
            {
              "$ref": "#/definitions/str_array_pattern"
            }
          ]
        }
      },
      "required": [
        "unschedule"
      ],
      "additionalProperties": false
    },
    "chatbot_pattern": {
      "anyOf": [
        {
          "$ref": "#/definitions/node_pattern"
        },
        {
          "type": "array",
          "items": {
            "anyOf": [
              {
                "$ref": "#/definitions/str_pattern"
              },
              {
                "$ref": "#/definitions/str_array_pattern"
              },
              {
                "$ref": "#/definitions/function_pattern"
              },
              {
                "$ref": "#/definitions/if_pattern"
              },
              {
                "$ref": "#/definitions/switch_pattern"
              },
              {
                "$ref": "#/definitions/assign_pattern"
              },
              {
                "$ref": "#/definitions/env_pattern"
              },
              {
                "$ref": "#/definitions/unassign_pattern"
              },
              {
                "$ref": "#/definitions/cron_pattern"
              },
              {
                "$ref": "#/definitions/delay_pattern"
              },
              {
                "$ref": "#/definitions/unschedule_pattern"
              }
            ]
          }
        }
      ]
    }
  },
  "type": "object",
  "properties": {
    "root": {
      "type": "object",
      "properties": {
        "next": {
          "$ref": "#/definitions/edge_pattern"
        }
      },
      "additionalProperties": false
    }
  },
  "patternProperties": {
    "(?!^root$)(?:^[a-zA-Z\\d\\s가-힣\\-_\\.]+$)": {
      "type": "object",
      "properties": {
        "cond": {
          "anyOf": [
            {
              "$ref": "#/definitions/node_pattern"
            },
            {
              "$ref": "#/definitions/str_array_pattern"
            }
          ]
        },
        "user": {
          "anyOf": [
            {
              "$ref": "#/definitions/node_pattern"
            },
            {
              "$ref": "#/definitions/str_array_pattern"
            }
          ]
        },
        "chatbot": {
          "$ref": "#/definitions/chatbot_pattern"
        },
        "jump": {
          "$ref": "#/definitions/edge_pattern"
        },
        "next": {
          "$ref": "#/definitions/edge_pattern"
        }
      },
      "required": [
        "user",
        "chatbot"
      ],
      "additionalProperties": false
    }
  },
  "additionalProperties": false
}